{
  "A": {
    "a": 5.942235086016913e-10,
    "b": 1.21352263253736,
    "R2": 0.8580787987429541
  },
  "B": {
    "dz_inf": 0.14330653285885825,
    "c": -4.415375376697467,
    "n": 0.25340694371117606,
    "R2": 0.9876838872543727
  },
  "best_variant": "A",
  "validation_metrics": {
    "A": {
      "RMSE": 0.1817811258941473,
      "MAE": 0.1803793556176173,
      "R2": -3.2348751297711953,
      "max_abs_error": 0.21204363505173837
    },
    "B": {
      "RMSE": 0.20275713969383147,
      "MAE": 0.19616970089044325,
      "R2": -4.268601402914367,
      "max_abs_error": 0.281931288455566
    }
  }
}