{
  "r(Re) степенной": {
    "params": {
      "a": 6334351.794381151,
      "b": -1.189805974876293
    },
    "R2_cal": 0.9347392606136928,
    "converged": true,
    "physical_ok": true,
    "validation": {
      "RMSE": 0.06278361884929579,
      "MAE": 0.051702660331234385,
      "R2": 0.4948321295480985,
      "max_abs_error": 0.10638790989677993
    }
  },
  "r(Re) асимптотический": {
    "params": {
      "r_inf": 9.93923597111177e-21,
      "c": 554170.1073758049,
      "n": 1.0198992053947615
    },
    "R2_cal": 0.9658961787291789,
    "converged": true,
    "physical_ok": true,
    "validation": {
      "RMSE": 0.05145691234252972,
      "MAE": 0.04552958675599376,
      "R2": 0.6606635773597325,
      "max_abs_error": 0.07846262150103994
    }
  },
  "r(u₁) степенной": {
    "params": {
      "a": 2.6625059978130365,
      "b": -1.1898059748763006
    },
    "R2_cal": 0.9347392606136872,
    "converged": true,
    "physical_ok": true,
    "validation": {
      "RMSE": 0.10871157625471545,
      "MAE": 0.07224719432007913,
      "R2": -0.5145883669719413,
      "max_abs_error": 0.25246499116456306
    }
  },
  "best_model": "r(Re) асимптотический"
}